{
  "id": "965727",
  "name": "java pc端",
  "font_family": "iconfont",
  "css_prefix_text": "icon-",
  "description": "",
  "glyphs": [
    {
      "icon_id": "25493245",
      "name": "快进 (1)",
      "font_class": "a-kuaijin1",
      "unicode": "e64f",
      "unicode_decimal": 58959
    },
    {
      "icon_id": "25493205",
      "name": "更安全",
      "font_class": "genganquan",
      "unicode": "e6a8",
      "unicode_decimal": 59048
    },
    {
      "icon_id": "25493093",
      "name": "注册-免输入",
      "font_class": "zhuce-mianshuru",
      "unicode": "e6a7",
      "unicode_decimal": 59047
    },
    {
      "icon_id": "10715420",
      "name": "更多",
      "font_class": "gengduo1",
      "unicode": "e739",
      "unicode_decimal": 59193
    },
    {
      "icon_id": "12329542",
      "name": "常见问题",
      "font_class": "changjianwenti",
      "unicode": "e7b7",
      "unicode_decimal": 59319
    },
    {
      "icon_id": "1984594",
      "name": "退款售后",
      "font_class": "tuikuanshouhou",
      "unicode": "e750",
      "unicode_decimal": 59216
    },
    {
      "icon_id": "2540882",
      "name": "待付款",
      "font_class": "daifukuan",
      "unicode": "e64c",
      "unicode_decimal": 58956
    },
    {
      "icon_id": "7382715",
      "name": "待发货",
      "font_class": "daifahuo",
      "unicode": "e64d",
      "unicode_decimal": 58957
    },
    {
      "icon_id": "13753878",
      "name": "待收货",
      "font_class": "daishouhuo",
      "unicode": "e64e",
      "unicode_decimal": 58958
    },
    {
      "icon_id": "14706419",
      "name": "待评价",
      "font_class": "daipingjia",
      "unicode": "e6a6",
      "unicode_decimal": 59046
    },
    {
      "icon_id": "16821441",
      "name": "确认 圆 正确 对勾 提交 成功 完成",
      "font_class": "querenyuanzhengqueduigoutijiaochenggongwancheng1",
      "unicode": "e64a",
      "unicode_decimal": 58954
    },
    {
      "icon_id": "18933067",
      "name": "关闭，角标，删除",
      "font_class": "guanbi1",
      "unicode": "e64b",
      "unicode_decimal": 58955
    },
    {
      "icon_id": "19313770",
      "name": "确认 圆 正确 对勾 提交 成功 完成",
      "font_class": "querenyuanzhengqueduigoutijiaochenggongwancheng",
      "unicode": "e6de",
      "unicode_decimal": 59102
    },
    {
      "icon_id": "19313628",
      "name": "资源 11",
      "font_class": "ziyuan112",
      "unicode": "e6dd",
      "unicode_decimal": 59101
    },
    {
      "icon_id": "6894419",
      "name": "购物车",
      "font_class": "gouwuche",
      "unicode": "e649",
      "unicode_decimal": 58953
    },
    {
      "icon_id": "6064230",
      "name": "可见",
      "font_class": "kejian",
      "unicode": "e6a5",
      "unicode_decimal": 59045
    },
    {
      "icon_id": "17050612",
      "name": "bukejian1",
      "font_class": "bukejian11",
      "unicode": "e6c4",
      "unicode_decimal": 59076
    },
    {
      "icon_id": "8809063",
      "name": "手机",
      "font_class": "shouji2",
      "unicode": "e648",
      "unicode_decimal": 58952
    },
    {
      "icon_id": "10859012",
      "name": "密码",
      "font_class": "mima1",
      "unicode": "e647",
      "unicode_decimal": 58951
    },
    {
      "icon_id": "3724774",
      "name": "我的",
      "font_class": "wode",
      "unicode": "e6cd",
      "unicode_decimal": 59085
    },
    {
      "icon_id": "12110026",
      "name": "验证码",
      "font_class": "yanzhengma2",
      "unicode": "e732",
      "unicode_decimal": 59186
    },
    {
      "icon_id": "19128802",
      "name": "禁止",
      "font_class": "jinzhi1",
      "unicode": "e646",
      "unicode_decimal": 58950
    },
    {
      "icon_id": "6539850",
      "name": "禁止",
      "font_class": "jinzhi",
      "unicode": "e645",
      "unicode_decimal": 58949
    },
    {
      "icon_id": "14126273",
      "name": "客服",
      "font_class": "kefu",
      "unicode": "e6b2",
      "unicode_decimal": 59058
    },
    {
      "icon_id": "4783640",
      "name": "关注",
      "font_class": "guanzhu-copy",
      "unicode": "e6fa",
      "unicode_decimal": 59130
    },
    {
      "icon_id": "3570604",
      "name": "店铺",
      "font_class": "dianpu",
      "unicode": "e6a3",
      "unicode_decimal": 59043
    },
    {
      "icon_id": "5700311",
      "name": "店铺",
      "font_class": "dianpu1",
      "unicode": "e63f",
      "unicode_decimal": 58943
    },
    {
      "icon_id": "7733881",
      "name": "交易关闭",
      "font_class": "jiaoyiguanbi",
      "unicode": "e640",
      "unicode_decimal": 58944
    },
    {
      "icon_id": "13522649",
      "name": "交易-关闭",
      "font_class": "jiaoyi-",
      "unicode": "e641",
      "unicode_decimal": 58945
    },
    {
      "icon_id": "19420669",
      "name": "icon-gengduo",
      "font_class": "ziyuan11-copy-copy",
      "unicode": "e8c9",
      "unicode_decimal": 59593
    },
    {
      "icon_id": "3724621",
      "name": "搜索",
      "font_class": "sousuo",
      "unicode": "e69b",
      "unicode_decimal": 59035
    },
    {
      "icon_id": "12911583",
      "name": "更多",
      "font_class": "gengduo",
      "unicode": "e638",
      "unicode_decimal": 58936
    },
    {
      "icon_id": "14821485",
      "name": "fanhui",
      "font_class": "ziyuan2",
      "unicode": "e639",
      "unicode_decimal": 58937
    },
    {
      "icon_id": "14821505",
      "name": "xuanze",
      "font_class": "ziyuan41",
      "unicode": "e63a",
      "unicode_decimal": 58938
    },
    {
      "icon_id": "14947175",
      "name": "icon-paixu",
      "font_class": "ziyuan15",
      "unicode": "e69c",
      "unicode_decimal": 59036
    },
    {
      "icon_id": "14947176",
      "name": "icon-paixu2",
      "font_class": "ziyuan14",
      "unicode": "e69d",
      "unicode_decimal": 59037
    },
    {
      "icon_id": "14947177",
      "name": "icon-paixu1",
      "font_class": "ziyuan13",
      "unicode": "e69e",
      "unicode_decimal": 59038
    },
    {
      "icon_id": "14954757",
      "name": "icon-gengduo",
      "font_class": "ziyuan11",
      "unicode": "e69f",
      "unicode_decimal": 59039
    },
    {
      "icon_id": "15021564",
      "name": "xuanzhong2",
      "font_class": "ziyuan12",
      "unicode": "e6a1",
      "unicode_decimal": 59041
    },
    {
      "icon_id": "15021566",
      "name": "xuanzhong1",
      "font_class": "ziyuan33",
      "unicode": "e6a2",
      "unicode_decimal": 59042
    },
    {
      "icon_id": "17686062",
      "name": "头 像 ",
      "font_class": "touxiang",
      "unicode": "e6b1",
      "unicode_decimal": 59057
    },
    {
      "icon_id": "14821543",
      "name": "guanbi",
      "font_class": "ziyuan51",
      "unicode": "e63d",
      "unicode_decimal": 58941
    },
    {
      "icon_id": "18221875",
      "name": "资源 11",
      "font_class": "ziyuan111",
      "unicode": "e6b4",
      "unicode_decimal": 59060
    },
    {
      "icon_id": "18955808",
      "name": "icon-gengduo",
      "font_class": "ziyuan11-copy",
      "unicode": "e8c8",
      "unicode_decimal": 59592
    },
    {
      "icon_id": "10454070",
      "name": "资产消息",
      "font_class": "zichanxiaoxi",
      "unicode": "e62a",
      "unicode_decimal": 58922
    },
    {
      "icon_id": "10454071",
      "name": "接收设置",
      "font_class": "jieshoushezhi",
      "unicode": "e62c",
      "unicode_decimal": 58924
    },
    {
      "icon_id": "10454072",
      "name": "交易消息",
      "font_class": "jiaoyixiaoxi",
      "unicode": "e62d",
      "unicode_decimal": 58925
    },
    {
      "icon_id": "10454073",
      "name": "消息列表",
      "font_class": "xiaoxiliebiao",
      "unicode": "e62e",
      "unicode_decimal": 58926
    },
    {
      "icon_id": "10454074",
      "name": "退款退货消息",
      "font_class": "tuikuantuihuoxiaoxi",
      "unicode": "e633",
      "unicode_decimal": 58931
    },
    {
      "icon_id": "10454075",
      "name": "物流消息",
      "font_class": "wuliuxiaoxi",
      "unicode": "e635",
      "unicode_decimal": 58933
    },
    {
      "icon_id": "10454076",
      "name": "系统消息",
      "font_class": "xitongxiaoxi",
      "unicode": "e637",
      "unicode_decimal": 58935
    },
    {
      "icon_id": "10394538",
      "name": "首页模板",
      "font_class": "shouyemoban",
      "unicode": "e60a",
      "unicode_decimal": 58890
    },
    {
      "icon_id": "10394539",
      "name": "专题管理",
      "font_class": "zhuantiguanli",
      "unicode": "e60b",
      "unicode_decimal": 58891
    },
    {
      "icon_id": "10394540",
      "name": "文章首页",
      "font_class": "wenzhangshouye",
      "unicode": "e60d",
      "unicode_decimal": 58893
    },
    {
      "icon_id": "10394541",
      "name": "团购装修",
      "font_class": "tuangouzhuangxiu",
      "unicode": "e60f",
      "unicode_decimal": 58895
    },
    {
      "icon_id": "10394542",
      "name": "cms文章",
      "font_class": "cmswenzhang",
      "unicode": "e610",
      "unicode_decimal": 58896
    },
    {
      "icon_id": "10394543",
      "name": "特卖",
      "font_class": "temai1",
      "unicode": "e611",
      "unicode_decimal": 58897
    },
    {
      "icon_id": "10394544",
      "name": "分类图片二级标题",
      "font_class": "fenleitupianerjibiaoti",
      "unicode": "e613",
      "unicode_decimal": 58899
    },
    {
      "icon_id": "10394545",
      "name": "首页管理",
      "font_class": "shouyeguanli",
      "unicode": "e614",
      "unicode_decimal": 58900
    },
    {
      "icon_id": "10394546",
      "name": "分类图片大标题",
      "font_class": "fenleitupiandabiaoti",
      "unicode": "e621",
      "unicode_decimal": 58913
    },
    {
      "icon_id": "10394547",
      "name": "专题模板",
      "font_class": "zhuantimoban",
      "unicode": "e622",
      "unicode_decimal": 58914
    },
    {
      "icon_id": "10394548",
      "name": "折扣装修",
      "font_class": "zhekouzhuangxiu",
      "unicode": "e623",
      "unicode_decimal": 58915
    },
    {
      "icon_id": "10394549",
      "name": "拼团装修",
      "font_class": "pintuanzhuangxiu",
      "unicode": "e624",
      "unicode_decimal": 58916
    },
    {
      "icon_id": "10394550",
      "name": "活动装修",
      "font_class": "huodongzhuangxiu",
      "unicode": "e629",
      "unicode_decimal": 58921
    },
    {
      "icon_id": "7264801",
      "name": "心",
      "font_class": "heart1",
      "unicode": "e612",
      "unicode_decimal": 58898
    },
    {
      "icon_id": "10134559",
      "name": "特卖",
      "font_class": "temai",
      "unicode": "e69a",
      "unicode_decimal": 59034
    },
    {
      "icon_id": "10134369",
      "name": "积分换购",
      "font_class": "jifenhuangou",
      "unicode": "e696",
      "unicode_decimal": 59030
    },
    {
      "icon_id": "10118067",
      "name": "圆圈",
      "font_class": "yuanquan1",
      "unicode": "e697",
      "unicode_decimal": 59031
    },
    {
      "icon_id": "10118068",
      "name": "对号",
      "font_class": "duihao1",
      "unicode": "e698",
      "unicode_decimal": 59032
    },
    {
      "icon_id": "10118069",
      "name": "上传",
      "font_class": "shangchuan2",
      "unicode": "e699",
      "unicode_decimal": 59033
    },
    {
      "icon_id": "3882412",
      "name": "搜索 ",
      "font_class": "sousuo-",
      "unicode": "e695",
      "unicode_decimal": 59029
    },
    {
      "icon_id": "991696",
      "name": "缴费",
      "font_class": "jiaofei",
      "unicode": "e694",
      "unicode_decimal": 59028
    },
    {
      "icon_id": "2113333",
      "name": "金额",
      "font_class": "jine",
      "unicode": "e8c7",
      "unicode_decimal": 59591
    },
    {
      "icon_id": "3866347",
      "name": "安全",
      "font_class": "anquan",
      "unicode": "e620",
      "unicode_decimal": 58912
    },
    {
      "icon_id": "7418635",
      "name": "关 闭",
      "font_class": "guanbi",
      "unicode": "e605",
      "unicode_decimal": 58885
    },
    {
      "icon_id": "1223184",
      "name": "地址",
      "font_class": "dizhi",
      "unicode": "e70f",
      "unicode_decimal": 59151
    },
    {
      "icon_id": "1766189",
      "name": "地址",
      "font_class": "location",
      "unicode": "e61b",
      "unicode_decimal": 58907
    },
    {
      "icon_id": "2769787",
      "name": "箭头",
      "font_class": "jiantou",
      "unicode": "e6ca",
      "unicode_decimal": 59082
    },
    {
      "icon_id": "3028030",
      "name": "账号",
      "font_class": "zhanghao",
      "unicode": "e61f",
      "unicode_decimal": 58911
    },
    {
      "icon_id": "3407086",
      "name": "密码",
      "font_class": "mima",
      "unicode": "e627",
      "unicode_decimal": 58919
    },
    {
      "icon_id": "7924941",
      "name": "商",
      "font_class": "shang",
      "unicode": "e631",
      "unicode_decimal": 58929
    },
    {
      "icon_id": "2312134",
      "name": "短信 ",
      "font_class": "duanxin",
      "unicode": "e61a",
      "unicode_decimal": 58906
    },
    {
      "icon_id": "2587806",
      "name": "邮箱",
      "font_class": "youxiang",
      "unicode": "e636",
      "unicode_decimal": 58934
    },
    {
      "icon_id": "6310126",
      "name": "手机",
      "font_class": "huaban",
      "unicode": "e63b",
      "unicode_decimal": 58939
    },
    {
      "icon_id": "2330023",
      "name": "对号",
      "font_class": "selected",
      "unicode": "e602",
      "unicode_decimal": 58882
    },
    {
      "icon_id": "4055388",
      "name": "上传",
      "font_class": "shangchuan1",
      "unicode": "e693",
      "unicode_decimal": 59027
    },
    {
      "icon_id": "3814490",
      "name": "提示",
      "font_class": "tishi",
      "unicode": "e63e",
      "unicode_decimal": 58942
    },
    {
      "icon_id": "5501141",
      "name": "手机",
      "font_class": "shouji1",
      "unicode": "e61d",
      "unicode_decimal": 58909
    },
    {
      "icon_id": "6820877",
      "name": "订单",
      "font_class": "order-copy",
      "unicode": "e603",
      "unicode_decimal": 58883
    },
    {
      "icon_id": "936234",
      "name": "审核",
      "font_class": "shenhe",
      "unicode": "e615",
      "unicode_decimal": 58901
    },
    {
      "icon_id": "3323844",
      "name": "完成",
      "font_class": "ziyuan",
      "unicode": "e604",
      "unicode_decimal": 58884
    },
    {
      "icon_id": "338936",
      "name": "星星",
      "font_class": "xingxing1",
      "unicode": "e62b",
      "unicode_decimal": 58923
    },
    {
      "icon_id": "8514424",
      "name": "rz3",
      "font_class": "rz",
      "unicode": "e68e",
      "unicode_decimal": 59022
    },
    {
      "icon_id": "8514425",
      "name": "rz4",
      "font_class": "rz1",
      "unicode": "e68f",
      "unicode_decimal": 59023
    },
    {
      "icon_id": "8514426",
      "name": "rz2",
      "font_class": "rz2",
      "unicode": "e690",
      "unicode_decimal": 59024
    },
    {
      "icon_id": "8514427",
      "name": "rz1",
      "font_class": "rz3",
      "unicode": "e691",
      "unicode_decimal": 59025
    },
    {
      "icon_id": "8514428",
      "name": "rz5",
      "font_class": "rz4",
      "unicode": "e692",
      "unicode_decimal": 59026
    },
    {
      "icon_id": "732735",
      "name": "错误",
      "font_class": "cuowu",
      "unicode": "e61c",
      "unicode_decimal": 58908
    },
    {
      "icon_id": "5203240",
      "name": "对",
      "font_class": "dui",
      "unicode": "e61e",
      "unicode_decimal": 58910
    },
    {
      "icon_id": "716115",
      "name": "积分",
      "font_class": "jifen",
      "unicode": "e6a4",
      "unicode_decimal": 59044
    },
    {
      "icon_id": "1816608",
      "name": "对号",
      "font_class": "finish",
      "unicode": "e68d",
      "unicode_decimal": 59021
    },
    {
      "icon_id": "7632",
      "name": "加",
      "font_class": "jia",
      "unicode": "e601",
      "unicode_decimal": 58881
    },
    {
      "icon_id": "8285860",
      "name": "五角星",
      "font_class": "wujiaoxing",
      "unicode": "e68b",
      "unicode_decimal": 59019
    },
    {
      "icon_id": "8285861",
      "name": "五角星空",
      "font_class": "wujiaoxingkong",
      "unicode": "e68c",
      "unicode_decimal": 59020
    },
    {
      "icon_id": "8285686",
      "name": "删除图片",
      "font_class": "shanchutupian",
      "unicode": "e689",
      "unicode_decimal": 59017
    },
    {
      "icon_id": "8285687",
      "name": "相机",
      "font_class": "xiangji",
      "unicode": "e68a",
      "unicode_decimal": 59018
    },
    {
      "icon_id": "8176546",
      "name": "微信登录",
      "font_class": "weixindenglu",
      "unicode": "e686",
      "unicode_decimal": 59014
    },
    {
      "icon_id": "8176547",
      "name": "QQ登录",
      "font_class": "QQdenglu",
      "unicode": "e687",
      "unicode_decimal": 59015
    },
    {
      "icon_id": "8176548",
      "name": "微博登录",
      "font_class": "weibodenglu",
      "unicode": "e688",
      "unicode_decimal": 59016
    },
    {
      "icon_id": "8176460",
      "name": "登录用户名",
      "font_class": "dengluyonghuming",
      "unicode": "e684",
      "unicode_decimal": 59012
    },
    {
      "icon_id": "8176461",
      "name": "登录密码",
      "font_class": "denglumima",
      "unicode": "e685",
      "unicode_decimal": 59013
    },
    {
      "icon_id": "8147509",
      "name": "新增地址",
      "font_class": "xinzengdizhi",
      "unicode": "e680",
      "unicode_decimal": 59008
    },
    {
      "icon_id": "8147510",
      "name": "阶梯团",
      "font_class": "jietituan",
      "unicode": "e681",
      "unicode_decimal": 59009
    },
    {
      "icon_id": "8147511",
      "name": "选为默认地址",
      "font_class": "xuanweimorendizhi",
      "unicode": "e682",
      "unicode_decimal": 59010
    },
    {
      "icon_id": "1111854",
      "name": "投资记录",
      "font_class": "touzijilu",
      "unicode": "e607",
      "unicode_decimal": 58887
    },
    {
      "icon_id": "584250",
      "name": "右箭头",
      "font_class": "iconfontjiantou4",
      "unicode": "e634",
      "unicode_decimal": 58932
    },
    {
      "icon_id": "8070170",
      "name": "个人中心待收货",
      "font_class": "gerenzhongxindaishouhuo",
      "unicode": "e676",
      "unicode_decimal": 58998
    },
    {
      "icon_id": "8070171",
      "name": "个人中心待付款",
      "font_class": "gerenzhongxindaifukuan",
      "unicode": "e677",
      "unicode_decimal": 58999
    },
    {
      "icon_id": "8070172",
      "name": "个人中心待评价",
      "font_class": "gerenzhongxindaipingjia",
      "unicode": "e678",
      "unicode_decimal": 59000
    },
    {
      "icon_id": "8070173",
      "name": "个人中心关注店铺",
      "font_class": "gerenzhongxinguanzhudianpu",
      "unicode": "e679",
      "unicode_decimal": 59001
    },
    {
      "icon_id": "8070174",
      "name": "个人中心订单",
      "font_class": "gerenzhongxindingdan",
      "unicode": "e67a",
      "unicode_decimal": 59002
    },
    {
      "icon_id": "8070175",
      "name": "个人中心关注",
      "font_class": "gerenzhongxinguanzhu1",
      "unicode": "e67b",
      "unicode_decimal": 59003
    },
    {
      "icon_id": "8070176",
      "name": "个人中心售后",
      "font_class": "gerenzhongxinshouhou",
      "unicode": "e67c",
      "unicode_decimal": 59004
    },
    {
      "icon_id": "8070177",
      "name": "个人中心关注商品",
      "font_class": "gerenzhongxinguanzhushangpin",
      "unicode": "e67d",
      "unicode_decimal": 59005
    },
    {
      "icon_id": "8070178",
      "name": "个人中心我的财产",
      "font_class": "gerenzhongxinwodecaichan",
      "unicode": "e67e",
      "unicode_decimal": 59006
    },
    {
      "icon_id": "8070179",
      "name": "个人中心足迹",
      "font_class": "gerenzhongxinzuji",
      "unicode": "e67f",
      "unicode_decimal": 59007
    },
    {
      "icon_id": "136467",
      "name": "正品保障-1",
      "font_class": "zhengpinbaozhang1",
      "unicode": "e66f",
      "unicode_decimal": 58991
    },
    {
      "icon_id": "617450",
      "name": "特点_正品保障",
      "font_class": "tedianzhengpinbaozhang",
      "unicode": "e683",
      "unicode_decimal": 59011
    },
    {
      "icon_id": "648755",
      "name": "保障",
      "font_class": "baozhang",
      "unicode": "e60c",
      "unicode_decimal": 58892
    },
    {
      "icon_id": "8069511",
      "name": "个人中心财产中心1",
      "font_class": "gerenzhongxincaichanzhongxin",
      "unicode": "e670",
      "unicode_decimal": 58992
    },
    {
      "icon_id": "8069512",
      "name": "个人中心关注1",
      "font_class": "gerenzhongxinguanzhu",
      "unicode": "e671",
      "unicode_decimal": 58993
    },
    {
      "icon_id": "8069513",
      "name": "个人中心会员中心1",
      "font_class": "gerenzhongxinhuiyuanzhongxin",
      "unicode": "e672",
      "unicode_decimal": 58994
    },
    {
      "icon_id": "8069514",
      "name": "个人中心客户服务1",
      "font_class": "gerenzhongxinkehufuwu",
      "unicode": "e673",
      "unicode_decimal": 58995
    },
    {
      "icon_id": "8069515",
      "name": "个人中心交易中心1",
      "font_class": "gerenzhongxinjiaoyizhongxin",
      "unicode": "e674",
      "unicode_decimal": 58996
    },
    {
      "icon_id": "8069516",
      "name": "个人中心购物车1",
      "font_class": "gerenzhongxingouwuche",
      "unicode": "e675",
      "unicode_decimal": 58997
    },
    {
      "icon_id": "1130638",
      "name": "扫码",
      "font_class": "saoma",
      "unicode": "e628",
      "unicode_decimal": 58920
    },
    {
      "icon_id": "1440640",
      "name": "个人中心",
      "font_class": "gerenzhongxin",
      "unicode": "e66e",
      "unicode_decimal": 58990
    },
    {
      "icon_id": "1032410",
      "name": "星星",
      "font_class": "xingxing",
      "unicode": "e643",
      "unicode_decimal": 58947
    },
    {
      "icon_id": "8033286",
      "name": "收藏",
      "font_class": "shoucang",
      "unicode": "e66b",
      "unicode_decimal": 58987
    },
    {
      "icon_id": "8032981",
      "name": "足迹 (1)",
      "font_class": "zuji1",
      "unicode": "e66c",
      "unicode_decimal": 58988
    },
    {
      "icon_id": "8032982",
      "name": "右侧购物车",
      "font_class": "youcegouwuche",
      "unicode": "e66d",
      "unicode_decimal": 58989
    },
    {
      "icon_id": "1164478",
      "name": "咨询",
      "font_class": "zixun",
      "unicode": "e66a",
      "unicode_decimal": 58986
    },
    {
      "icon_id": "3791134",
      "name": "钱钱-01",
      "font_class": "qianqian-",
      "unicode": "e606",
      "unicode_decimal": 58886
    },
    {
      "icon_id": "5650851",
      "name": "编辑",
      "font_class": "bianji",
      "unicode": "e609",
      "unicode_decimal": 58889
    },
    {
      "icon_id": "637803",
      "name": "向上箭头",
      "font_class": "xiangshangjiantou",
      "unicode": "e62f",
      "unicode_decimal": 58927
    },
    {
      "icon_id": "637804",
      "name": "向下箭头",
      "font_class": "xiangxiajiantou",
      "unicode": "e630",
      "unicode_decimal": 58928
    },
    {
      "icon_id": "1311992",
      "name": "皇冠",
      "font_class": "huangguan",
      "unicode": "e642",
      "unicode_decimal": 58946
    },
    {
      "icon_id": "584235",
      "name": "下箭头",
      "font_class": "iconfontarrows1",
      "unicode": "e626",
      "unicode_decimal": 58918
    },
    {
      "icon_id": "7994507",
      "name": "垃圾桶",
      "font_class": "lajitong",
      "unicode": "e668",
      "unicode_decimal": 58984
    },
    {
      "icon_id": "7994508",
      "name": "logo",
      "font_class": "logo",
      "unicode": "e669",
      "unicode_decimal": 58985
    },
    {
      "icon_id": "2506225",
      "name": "足迹",
      "font_class": "zuji",
      "unicode": "e644",
      "unicode_decimal": 58948
    },
    {
      "icon_id": "2668372",
      "name": "关注",
      "font_class": "guanzhu1",
      "unicode": "e632",
      "unicode_decimal": 58930
    },
    {
      "icon_id": "5431166",
      "name": "订单",
      "font_class": "dingdan",
      "unicode": "e619",
      "unicode_decimal": 58905
    },
    {
      "icon_id": "5849198",
      "name": "我的财产",
      "font_class": "wodecaichan",
      "unicode": "e608",
      "unicode_decimal": 58888
    },
    {
      "icon_id": "7973883",
      "name": "正品保障",
      "font_class": "zhengpinbaozhang",
      "unicode": "e665",
      "unicode_decimal": 58981
    },
    {
      "icon_id": "7973884",
      "name": "时间",
      "font_class": "shijian1",
      "unicode": "e666",
      "unicode_decimal": 58982
    },
    {
      "icon_id": "7973885",
      "name": "优惠",
      "font_class": "youhui",
      "unicode": "e667",
      "unicode_decimal": 58983
    },
    {
      "icon_id": "7973570",
      "name": "保健",
      "font_class": "baojian",
      "unicode": "e65b",
      "unicode_decimal": 58971
    },
    {
      "icon_id": "7973571",
      "name": "服装",
      "font_class": "fuzhuang",
      "unicode": "e65c",
      "unicode_decimal": 58972
    },
    {
      "icon_id": "7973572",
      "name": "清洁用品",
      "font_class": "qingjieyongpin",
      "unicode": "e65d",
      "unicode_decimal": 58973
    },
    {
      "icon_id": "7973573",
      "name": "电器",
      "font_class": "dianqi",
      "unicode": "e65e",
      "unicode_decimal": 58974
    },
    {
      "icon_id": "7973574",
      "name": "母婴",
      "font_class": "muying",
      "unicode": "e65f",
      "unicode_decimal": 58975
    },
    {
      "icon_id": "7973575",
      "name": "酒类",
      "font_class": "jiulei",
      "unicode": "e660",
      "unicode_decimal": 58976
    },
    {
      "icon_id": "7973576",
      "name": "食品",
      "font_class": "shipin",
      "unicode": "e661",
      "unicode_decimal": 58977
    },
    {
      "icon_id": "7973577",
      "name": "个人护理",
      "font_class": "gerenhuli",
      "unicode": "e662",
      "unicode_decimal": 58978
    },
    {
      "icon_id": "7973578",
      "name": "生鲜",
      "font_class": "shengxian",
      "unicode": "e663",
      "unicode_decimal": 58979
    },
    {
      "icon_id": "7973579",
      "name": "美妆",
      "font_class": "meizhuang",
      "unicode": "e664",
      "unicode_decimal": 58980
    },
    {
      "icon_id": "2681707",
      "name": "时间",
      "font_class": "shijian",
      "unicode": "e60e",
      "unicode_decimal": 58894
    },
    {
      "icon_id": "609294",
      "name": "07_箭头_向右",
      "font_class": "07jiantouxiangyou",
      "unicode": "e616",
      "unicode_decimal": 58902
    },
    {
      "icon_id": "609295",
      "name": "07_箭头_向右_fill",
      "font_class": "07jiantouxiangyoufill",
      "unicode": "e618",
      "unicode_decimal": 58904
    },
    {
      "icon_id": "1009220",
      "name": "火",
      "font_class": "huo1",
      "unicode": "e6a0",
      "unicode_decimal": 59040
    },
    {
      "icon_id": "5767566",
      "name": "分类",
      "font_class": "fenlei",
      "unicode": "e625",
      "unicode_decimal": 58917
    },
    {
      "icon_id": "7931227",
      "name": "新",
      "font_class": "xin",
      "unicode": "e659",
      "unicode_decimal": 58969
    },
    {
      "icon_id": "7931228",
      "name": "火",
      "font_class": "huo",
      "unicode": "e65a",
      "unicode_decimal": 58970
    },
    {
      "icon_id": "7925882",
      "name": "电话",
      "font_class": "dianhua",
      "unicode": "e658",
      "unicode_decimal": 58968
    },
    {
      "icon_id": "7923892",
      "name": "进入店铺",
      "font_class": "jinrudianpu",
      "unicode": "e654",
      "unicode_decimal": 58964
    },
    {
      "icon_id": "7923893",
      "name": "关注",
      "font_class": "guanzhu",
      "unicode": "e655",
      "unicode_decimal": 58965
    },
    {
      "icon_id": "7923894",
      "name": "举报",
      "font_class": "jubao",
      "unicode": "e656",
      "unicode_decimal": 58966
    },
    {
      "icon_id": "7923895",
      "name": "二维码",
      "font_class": "erweima",
      "unicode": "e657",
      "unicode_decimal": 58967
    },
    {
      "icon_id": "7923775",
      "name": "手机",
      "font_class": "shouji",
      "unicode": "e650",
      "unicode_decimal": 58960
    },
    {
      "icon_id": "7923776",
      "name": "商家入驻",
      "font_class": "shangjiaruzhu",
      "unicode": "e651",
      "unicode_decimal": 58961
    },
    {
      "icon_id": "7923777",
      "name": "首页",
      "font_class": "shouye",
      "unicode": "e652",
      "unicode_decimal": 58962
    },
    {
      "icon_id": "7923778",
      "name": "首页购物车",
      "font_class": "shouyegouwuche",
      "unicode": "e653",
      "unicode_decimal": 58963
    },
    {
      "icon_id": "723555",
      "name": "分享",
      "font_class": "ai-share",
      "unicode": "e617",
      "unicode_decimal": 58903
    },
    {
      "icon_id": "6651160",
      "name": "通用-联系客服图标",
      "font_class": "tongyong-lianxikefutubiao",
      "unicode": "e63c",
      "unicode_decimal": 58940
    },
    {
      "icon_id": "271433",
      "name": "1星",
      "font_class": "unie614",
      "unicode": "e6c8",
      "unicode_decimal": 59080
    },
    {
      "icon_id": "2815723",
      "name": "时钟",
      "font_class": "shizhong",
      "unicode": "e600",
      "unicode_decimal": 58880
    }
  ]
}
