
{
  "header": {
    "reportVersion": 1,
    "event": "Allocation failed - JavaScript heap out of memory",
    "trigger": "FatalError",
    "filename": "report.20210129.112020.12784.0.001.json",
    "dumpEventTime": "2021-01-29T11:20:20Z",
    "dumpEventTimeStamp": "1611890420648",
    "processId": 12784,
    "cwd": "D:\\www\\a_java\\java_seller_bz",
    "commandLine": [
      "D:\\phpStudy\\node\\node.exe",
      "D:\\www\\a_java\\java_seller_bz\\node_modules\\umi\\lib\\scripts\\realDev.js",
      "dev",
      "--port=8108"
    ],
    "nodejsVersion": "v12.16.1",
    "wordSize": 64,
    "arch": "x64",
    "platform": "win32",
    "componentVersions": {
      "node": "12.16.1",
      "v8": "7.8.279.23-node.31",
      "uv": "1.34.0",
      "zlib": "1.2.11",
      "brotli": "1.0.7",
      "ares": "1.15.0",
      "modules": "72",
      "nghttp2": "1.40.0",
      "napi": "5",
      "llhttp": "2.0.4",
      "http_parser": "2.9.3",
      "openssl": "1.1.1d",
      "cldr": "35.1",
      "icu": "64.2",
      "tz": "2019c",
      "unicode": "12.1"
    },
    "release": {
      "name": "node",
      "lts": "Erbium",
      "headersUrl": "https://nodejs.org/download/release/v12.16.1/node-v12.16.1-headers.tar.gz",
      "sourceUrl": "https://nodejs.org/download/release/v12.16.1/node-v12.16.1.tar.gz",
      "libUrl": "https://nodejs.org/download/release/v12.16.1/win-x64/node.lib"
    },
    "osName": "Windows_NT",
    "osRelease": "10.0.18363",
    "osVersion": "Windows 10 Pro",
    "osMachine": "x86_64",
    "cpus": [
      {
        "model": "Intel(R) Core(TM) i5-4590 CPU @ 3.30GHz",
        "speed": 3292,
        "user": 1234656,
        "nice": 0,
        "sys": 767765,
        "idle": 6278000,
        "irq": 68515
      },
      {
        "model": "Intel(R) Core(TM) i5-4590 CPU @ 3.30GHz",
        "speed": 3292,
        "user": 1434093,
        "nice": 0,
        "sys": 745218,
        "idle": 6100859,
        "irq": 9593
      },
      {
        "model": "Intel(R) Core(TM) i5-4590 CPU @ 3.30GHz",
        "speed": 3292,
        "user": 1327093,
        "nice": 0,
        "sys": 698000,
        "idle": 6255093,
        "irq": 8265
      },
      {
        "model": "Intel(R) Core(TM) i5-4590 CPU @ 3.30GHz",
        "speed": 3292,
        "user": 1563375,
        "nice": 0,
        "sys": 652281,
        "idle": 6064531,
        "irq": 8531
      }
    ],
    "networkInterfaces": [
      {
        "name": "本地连接",
        "internal": false,
        "mac": "64:00:6a:6c:9b:5c",
        "address": "192.168.7.254",
        "netmask": "255.255.255.0",
        "family": "IPv4"
      },
      {
        "name": "Loopback Pseudo-Interface 1",
        "internal": true,
        "mac": "00:00:00:00:00:00",
        "address": "::1",
        "netmask": "ffff:ffff:ffff:ffff:ffff:ffff:ffff:ffff",
        "family": "IPv6",
        "scopeid": 0
      },
      {
        "name": "Loopback Pseudo-Interface 1",
        "internal": true,
        "mac": "00:00:00:00:00:00",
        "address": "127.0.0.1",
        "netmask": "255.0.0.0",
        "family": "IPv4"
      }
    ],
    "host": "USER-20171115TJ"
  },
  "javascriptStack": {
    "message": "No stack.",
    "stack": [
      "Unavailable."
    ]
  },
  "nativeStack": [
    {
      "pc": "0x00007ff63d3919f9",
      "symbol": "std::basic_ostream<char,std::char_traits<char> >::operator<<+10873"
    },
    {
      "pc": "0x00007ff63d395e1c",
      "symbol": "std::basic_ostream<char,std::char_traits<char> >::operator<<+28316"
    },
    {
      "pc": "0x00007ff63d394dd8",
      "symbol": "std::basic_ostream<char,std::char_traits<char> >::operator<<+24152"
    },
    {
      "pc": "0x00007ff63d4934cb",
      "symbol": "v8::base::CPU::has_sse+38363"
    },
    {
      "pc": "0x00007ff63dca9f4e",
      "symbol": "v8::Isolate::ReportExternalAllocationLimitReached+94"
    },
    {
      "pc": "0x00007ff63dc92021",
      "symbol": "v8::SharedArrayBuffer::Externalize+833"
    },
    {
      "pc": "0x00007ff63db5e57c",
      "symbol": "v8::internal::Heap::EphemeronKeyWriteBarrierFromCode+1436"
    },
    {
      "pc": "0x00007ff63db697d0",
      "symbol": "v8::internal::Heap::ProtectUnprotectedMemoryChunks+1312"
    },
    {
      "pc": "0x00007ff63db662f4",
      "symbol": "v8::internal::Heap::PageFlagsAreConsistent+3204"
    },
    {
      "pc": "0x00007ff63db5bb13",
      "symbol": "v8::internal::Heap::CollectGarbage+1283"
    },
    {
      "pc": "0x00007ff63db5a184",
      "symbol": "v8::internal::Heap::AddRetainedMap+2452"
    },
    {
      "pc": "0x00007ff63db7b36d",
      "symbol": "v8::internal::Factory::NewFillerObject+61"
    },
    {
      "pc": "0x00007ff63d8e0c51",
      "symbol": "v8::internal::interpreter::JumpTableTargetOffsets::iterator::operator=+1665"
    },
    {
      "pc": "0x00007ff63e0f4ddd",
      "symbol": "v8::internal::SetupIsolateDelegate::SetupHeap+546637"
    },
    {
      "pc": "0x00000314b04a9b61",
      "symbol": ""
    }
  ],
  "javascriptHeap": {
    "totalMemory": 2162548736,
    "totalCommittedMemory": 2162548736,
    "usedMemory": 2136218832,
    "availableMemory": 36723000,
    "memoryLimit": 2197815296,
    "heapSpaces": {
      "read_only_space": {
        "memorySize": 262144,
        "committedMemory": 262144,
        "capacity": 32808,
        "used": 32808,
        "available": 0
      },
      "new_space": {
        "memorySize": 2097152,
        "committedMemory": 2097152,
        "capacity": 1047456,
        "used": 677032,
        "available": 370424
      },
      "old_space": {
        "memorySize": 1912487936,
        "committedMemory": 1912487936,
        "capacity": 1902206256,
        "used": 1902167696,
        "available": 38560
      },
      "code_space": {
        "memorySize": 5410816,
        "committedMemory": 5410816,
        "capacity": 4641216,
        "used": 4641216,
        "available": 0
      },
      "map_space": {
        "memorySize": 17043456,
        "committedMemory": 17043456,
        "capacity": 3943680,
        "used": 3943680,
        "available": 0
      },
      "large_object_space": {
        "memorySize": 224624640,
        "committedMemory": 224624640,
        "capacity": 224212112,
        "used": 224212112,
        "available": 0
      },
      "code_large_object_space": {
        "memorySize": 622592,
        "committedMemory": 622592,
        "capacity": 544288,
        "used": 544288,
        "available": 0
      },
      "new_large_object_space": {
        "memorySize": 0,
        "committedMemory": 0,
        "capacity": 1047456,
        "used": 0,
        "available": 1047456
      }
    }
  },
  "resourceUsage": {
    "userCpuSeconds": 817.156,
    "kernelCpuSeconds": 55.718,
    "cpuConsumptionPercent": 13.66,
    "maxRss": 2199040000,
    "pageFaults": {
      "IORequired": 3620949,
      "IONotRequired": 0
    },
    "fsActivity": {
      "reads": 35141,
      "writes": 463
    }
  },
  "libuv": [
  ],
  "environmentVariables": {
    "=D:": "D:\\www\\a_java\\java_seller_bz",
    "ALLUSERSPROFILE": "C:\\ProgramData",
    "ANDROID_HOME": "D:\\Android Sdk",
    "APPDATA": "C:\\Users\\Administrator\\AppData\\Roaming",
    "APP_TYPE": "site",
    "CATALINA_HOME": "D:\\Program Files\\Tomcat 7.0",
    "ChocolateyInstall": "C:\\ProgramData\\chocolatey",
    "ChocolateyLastPathUpdate": "三 六月 27 09:48:51 2018",
    "CHROME_CRASHPAD_PIPE_NAME": "\\\\.\\pipe\\crashpad_6880_UYQAVNWAOJJCWRSX",
    "COLORTERM": "truecolor",
    "CommonProgramFiles": "C:\\Program Files\\Common Files",
    "CommonProgramFiles(x86)": "C:\\Program Files (x86)\\Common Files",
    "CommonProgramW6432": "C:\\Program Files\\Common Files",
    "COMPUTERNAME": "USER-20171115TJ",
    "ComSpec": "C:\\WINDOWS\\system32\\cmd.exe",
    "dp0": "D:\\www\\a_java\\java_seller_bz\\node_modules\\.bin\\",
    "DriverData": "C:\\Windows\\System32\\Drivers\\DriverData",
    "FPS_BROWSER_APP_PROFILE_STRING": "Internet Explorer",
    "FPS_BROWSER_USER_PROFILE_STRING": "Default",
    "FP_NO_HOST_CHECK": "NO",
    "GIT_ASKPASS": "c:\\Program Files (x86)\\Microsoft VS Code\\resources\\app\\extensions\\git\\dist\\askpass.sh",
    "HOME": "C:\\Users\\Administrator",
    "HOMEDRIVE": "C:",
    "HOMEPATH": "\\Users\\Administrator",
    "INIT_CWD": "D:\\www\\a_java\\java_seller_bz",
    "JAVA_HOME": "C:\\Program Files\\Java\\jdk1.8.0_172",
    "LANG": "zh_CN.UTF-8",
    "LOCALAPPDATA": "C:\\Users\\Administrator\\AppData\\Local",
    "LOGONSERVER": "\\\\USER-20171115TJ",
    "MAVEN_HOME": "D:\\JavaStorm\\apache-maven-3.6.0-bin\\apache-maven-3.6.0",
    "NODE": "D:\\phpStudy\\node\\node.exe",
    "NODE_ENV": "development",
    "NODE_EXE": "D:\\phpStudy\\node\\\\node.exe",
    "NPM_CLI_JS": "C:\\Users\\Administrator\\AppData\\Roaming\\npm\\node_modules\\npm\\bin\\npm-cli.js",
    "npm_config_access": "",
    "npm_config_allow_same_version": "",
    "npm_config_also": "",
    "npm_config_always_auth": "",
    "npm_config_argv": "{\"remain\":[],\"cooked\":[\"start\"],\"original\":[\"start\"]}",
    "npm_config_audit": "true",
    "npm_config_audit_level": "low",
    "npm_config_auth_type": "legacy",
    "npm_config_before": "",
    "npm_config_bin_links": "true",
    "npm_config_browser": "",
    "npm_config_ca": "",
    "npm_config_cache": "C:\\Users\\Administrator\\AppData\\Roaming\\npm-cache",
    "npm_config_cache_lock_retries": "10",
    "npm_config_cache_lock_stale": "60000",
    "npm_config_cache_lock_wait": "10000",
    "npm_config_cache_max": "Infinity",
    "npm_config_cache_min": "10",
    "npm_config_cafile": "",
    "npm_config_cert": "",
    "npm_config_cidr": "",
    "npm_config_color": "true",
    "npm_config_commit_hooks": "true",
    "npm_config_depth": "Infinity",
    "npm_config_description": "true",
    "npm_config_dev": "",
    "npm_config_dry_run": "",
    "npm_config_editor": "notepad.exe",
    "npm_config_engine_strict": "",
    "npm_config_fetch_retries": "2",
    "npm_config_fetch_retry_factor": "10",
    "npm_config_fetch_retry_maxtimeout": "60000",
    "npm_config_fetch_retry_mintimeout": "10000",
    "npm_config_force": "",
    "npm_config_format_package_lock": "true",
    "npm_config_fund": "true",
    "npm_config_git": "git",
    "npm_config_git_tag_version": "true",
    "npm_config_global": "",
    "npm_config_globalconfig": "D:\\phpStudy\\node\\etc\\npmrc",
    "npm_config_globalignorefile": "D:\\phpStudy\\node\\etc\\npmignore",
    "npm_config_global_style": "",
    "npm_config_group": "",
    "npm_config_ham_it_up": "",
    "npm_config_heading": "npm",
    "npm_config_https_proxy": "",
    "npm_config_if_present": "",
    "npm_config_ignore_prepublish": "",
    "npm_config_ignore_scripts": "",
    "npm_config_init_author_email": "",
    "npm_config_init_author_name": "",
    "npm_config_init_author_url": "",
    "npm_config_init_license": "ISC",
    "npm_config_init_module": "C:\\Users\\Administrator\\.npm-init.js",
    "npm_config_init_version": "1.0.0",
    "npm_config_json": "",
    "npm_config_key": "",
    "npm_config_legacy_bundling": "",
    "npm_config_link": "",
    "npm_config_local_address": "",
    "npm_config_loglevel": "notice",
    "npm_config_logs_max": "10",
    "npm_config_long": "",
    "npm_config_maxsockets": "50",
    "npm_config_message": "%s",
    "npm_config_metrics_registry": "http://registry.npm.taobao.org/",
    "npm_config_node_gyp": "C:\\Users\\Administrator\\AppData\\Roaming\\npm\\node_modules\\npm\\node_modules\\node-gyp\\bin\\node-gyp.js",
    "npm_config_node_options": "",
    "npm_config_node_version": "12.16.1",
    "npm_config_noproxy": "",
    "npm_config_offline": "",
    "npm_config_onload_script": "",
    "npm_config_only": "",
    "npm_config_optional": "true",
    "npm_config_otp": "",
    "npm_config_package_lock": "true",
    "npm_config_package_lock_only": "",
    "npm_config_parseable": "",
    "npm_config_prefer_offline": "",
    "npm_config_prefer_online": "",
    "npm_config_prefix": "D:\\phpStudy\\node",
    "npm_config_preid": "",
    "npm_config_production": "",
    "npm_config_progress": "true",
    "npm_config_proxy": "",
    "npm_config_read_only": "",
    "npm_config_rebuild_bundle": "true",
    "npm_config_registry": "http://registry.npm.taobao.org/",
    "npm_config_rollback": "true",
    "npm_config_sass_binary_site": "https://npm.taobao.org/mirrors/node-sass",
    "npm_config_save": "true",
    "npm_config_save_bundle": "",
    "npm_config_save_dev": "",
    "npm_config_save_exact": "",
    "npm_config_save_optional": "",
    "npm_config_save_prefix": "^",
    "npm_config_save_prod": "",
    "npm_config_scope": "",
    "npm_config_scripts_prepend_node_path": "warn-only",
    "npm_config_script_shell": "",
    "npm_config_searchexclude": "",
    "npm_config_searchlimit": "20",
    "npm_config_searchopts": "",
    "npm_config_searchstaleness": "900",
    "npm_config_send_metrics": "",
    "npm_config_shell": "C:\\WINDOWS\\system32\\cmd.exe",
    "npm_config_shrinkwrap": "true",
    "npm_config_sign_git_commit": "",
    "npm_config_sign_git_tag": "",
    "npm_config_sso_poll_frequency": "500",
    "npm_config_sso_type": "oauth",
    "npm_config_strict_ssl": "true",
    "npm_config_tag": "latest",
    "npm_config_tag_version_prefix": "v",
    "npm_config_timing": "",
    "npm_config_tmp": "C:\\Users\\ADMINI~1\\AppData\\Local\\Temp",
    "npm_config_umask": "0000",
    "npm_config_unicode": "",
    "npm_config_unsafe_perm": "true",
    "npm_config_update_notifier": "true",
    "npm_config_usage": "",
    "npm_config_user": "",
    "npm_config_userconfig": "C:\\Users\\Administrator\\.npmrc",
    "npm_config_user_agent": "npm/6.14.4 node/v12.16.1 win32 x64",
    "npm_config_version": "",
    "npm_config_versions": "",
    "npm_config_viewer": "browser",
    "npm_execpath": "C:\\Users\\Administrator\\AppData\\Roaming\\npm\\node_modules\\npm\\bin\\npm-cli.js",
    "npm_lifecycle_event": "start",
    "npm_lifecycle_script": "cross-env APP_TYPE=site umi dev --port=8108",
    "npm_node_execpath": "D:\\phpStudy\\node\\node.exe",
    "npm_package_browserslist_0": "> 1%",
    "npm_package_browserslist_1": "last 2 versions",
    "npm_package_browserslist_2": "not ie <= 10",
    "npm_package_dependencies_antd": "^3.16.6",
    "npm_package_dependencies_bizcharts": "^3.4.3",
    "npm_package_dependencies_bizcharts_plugin_slider": "^2.1.1-beta.1",
    "npm_package_dependencies_classnames": "^2.2.6",
    "npm_package_dependencies_dva": "^2.4.0",
    "npm_package_dependencies_enquire_js": "^0.2.1",
    "npm_package_dependencies_hash_js": "^1.1.5",
    "npm_package_dependencies_jquery": "^3.5.1",
    "npm_package_dependencies_lodash": "^4.17.10",
    "npm_package_dependencies_lodash_decorators": "^6.0.0",
    "npm_package_dependencies_memoize_one": "^5.0.0",
    "npm_package_dependencies_moment": "^2.22.2",
    "npm_package_dependencies_numeral": "^2.0.6",
    "npm_package_dependencies_nzh": "^1.0.3",
    "npm_package_dependencies_omit_js": "^1.0.0",
    "npm_package_dependencies_path_to_regexp": "^2.4.0",
    "npm_package_dependencies_prop_types": "^15.5.10",
    "npm_package_dependencies_puppeteer": "^1.10.0",
    "npm_package_dependencies_qrcode_react": "^0.9.3",
    "npm_package_dependencies_qs": "^6.6.0",
    "npm_package_dependencies_quill_delta_to_html": "^0.10.7",
    "npm_package_dependencies_rc_animate": "^2.4.4",
    "npm_package_dependencies_react": "^16.6.3",
    "npm_package_dependencies_react_beautiful_dnd": "^10.1.1",
    "npm_package_dependencies_react_color": "^2.14.1",
    "npm_package_dependencies_react_container_query": "^0.11.0",
    "npm_package_dependencies_react_copy_to_clipboard": "^5.0.1",
    "npm_package_dependencies_react_custom_scrollbars": "^4.2.1",
    "npm_package_dependencies_react_document_title": "^2.0.3",
    "npm_package_dependencies_react_dom": "^16.6.3",
    "npm_package_dependencies_react_fittext": "^1.0.0",
    "npm_package_dependencies_react_marquee": "^1.0.0",
    "npm_package_dependencies_react_media": "^1.8.0",
    "npm_package_dependencies_react_quill": "^1.3.3",
    "npm_package_dependencies_react_resizable": "^1.7.5",
    "npm_package_dependencies_react_router_dom": "^4.3.1",
    "npm_package_dependencies_react_slick": "^0.27.11",
    "npm_package_dependencies_re_resizable": "^4.11.0",
    "npm_package_dependencies_slick_carousel": "^1.8.1",
    "npm_package_dependencies__antv_data_set": "^0.10.0",
    "npm_package_dependencies__babel_runtime": "^7.1.5",
    "npm_package_description": "An out-of-box UI solution for enterprise applications",
    "npm_package_devDependencies_antd_pro_merge_less": "^1.0.0",
    "npm_package_devDependencies_antd_theme_webpack_plugin": "^1.1.8",
    "npm_package_devDependencies_babel_eslint": "^10.0.1",
    "npm_package_devDependencies_cross_env": "^5.1.1",
    "npm_package_devDependencies_cross_port_killer": "^1.0.1",
    "npm_package_devDependencies_enzyme": "^3.7.0",
    "npm_package_devDependencies_eslint": "^5.4.0",
    "npm_package_devDependencies_eslint_config_airbnb": "^17.0.0",
    "npm_package_devDependencies_eslint_config_prettier": "^3.0.1",
    "npm_package_devDependencies_eslint_plugin_babel": "^5.3.0",
    "npm_package_devDependencies_eslint_plugin_compat": "^2.6.2",
    "npm_package_devDependencies_eslint_plugin_import": "^2.14.0",
    "npm_package_devDependencies_eslint_plugin_jsx_a11y": "^6.1.2",
    "npm_package_devDependencies_eslint_plugin_markdown": "^1.0.0-beta.6",
    "npm_package_devDependencies_eslint_plugin_react": "^7.11.1",
    "npm_package_devDependencies_gh_pages": "^2.0.1",
    "npm_package_devDependencies_husky": "^1.2.0",
    "npm_package_devDependencies_jest_puppeteer": "^3.5.1",
    "npm_package_devDependencies_lint_staged": "^8.1.0",
    "npm_package_devDependencies_merge_umi_mock_data": "^0.0.3",
    "npm_package_devDependencies_mockjs": "^1.0.1-beta3",
    "npm_package_devDependencies_prettier": "1.15.2",
    "npm_package_devDependencies_pro_download": "^1.0.1",
    "npm_package_devDependencies_stylelint": "^9.8.0",
    "npm_package_devDependencies_stylelint_config_prettier": "^4.0.0",
    "npm_package_devDependencies_stylelint_config_standard": "^18.0.0",
    "npm_package_devDependencies_tslint": "^5.10.0",
    "npm_package_devDependencies_tslint_config_prettier": "^1.10.0",
    "npm_package_devDependencies_tslint_react": "^3.6.0",
    "npm_package_devDependencies_umi": "^2.2.7",
    "npm_package_devDependencies_umi_plugin_ga": "^1.1.3",
    "npm_package_devDependencies_umi_plugin_react": "^1.2.0",
    "npm_package_devDependencies__types_react": "^16.7.7",
    "npm_package_devDependencies__types_react_dom": "^16.0.10",
    "npm_package_engines_node": ">=8.0.0",
    "npm_package_gitHead": "5339d3c9fcc25da8f752b470b01757ba0fc45736",
    "npm_package_husky_hooks_pre_commit": "npm run lint-staged",
    "npm_package_lint_staged_______jsx_": "npm run lint-staged:js",
    "npm_package_name": "ant-design-pro",
    "npm_package_optionalDependencies_puppeteer": "^1.10.0",
    "npm_package_private": "true",
    "npm_package_readmeFilename": "README.md",
    "npm_package_scripts_analyze": "cross-env ANALYZE=1 umi build",
    "npm_package_scripts_build": "umi build",
    "npm_package_scripts_docker_build": "docker-compose -f ./docker/docker-compose.dev.yml build",
    "npm_package_scripts_docker_dev": "docker-compose -f ./docker/docker-compose.dev.yml up",
    "npm_package_scripts_docker_hub_build": "docker build  -f Dockerfile.hub -t  ant-design-pro ./",
    "npm_package_scripts_docker_prod_build": "docker-compose -f ./docker/docker-compose.yml build",
    "npm_package_scripts_docker_prod_dev": "docker-compose -f ./docker/docker-compose.yml up",
    "npm_package_scripts_docker_push": "npm run docker-hub:build && npm run docker:tag && docker push chenshuai2144/ant-design-pro",
    "npm_package_scripts_docker_tag": "docker tag ant-design-pro chenshuai2144/ant-design-pro",
    "npm_package_scripts_lint": "eslint --ext .js src mock tests && npm run lint:style",
    "npm_package_scripts_lint_fix": "eslint --fix --ext .js src mock tests && npm run lint:style",
    "npm_package_scripts_lint_staged": "lint-staged",
    "npm_package_scripts_lint_staged_js": "eslint --ext .js",
    "npm_package_scripts_lint_style": "stylelint \"src/**/*.less\" --syntax less",
    "npm_package_scripts_presite": "node ./scripts/generateMock.js && cd functions && npm install",
    "npm_package_scripts_prettier": "node ./scripts/prettier.js",
    "npm_package_scripts_site": "npm run presite && cross-env APP_TYPE=site npm run build && firebase deploy && npm run docker:push",
    "npm_package_scripts_start": "cross-env APP_TYPE=site umi dev --port=8108",
    "npm_package_scripts_start_no_mock": "cross-env MOCK=none umi dev",
    "npm_package_scripts_test": "umi test",
    "npm_package_scripts_test_all": "node ./tests/run-tests.js",
    "npm_package_scripts_test_component": "umi test ./src/components",
    "npm_package_scripts_tslint": "npm run tslint:fix",
    "npm_package_scripts_tslint_fix": "tslint --fix 'src/**/*.ts*'",
    "npm_package_version": "2.1.1",
    "NPM_PREFIX_NPM_CLI_JS": "C:\\Users\\Administrator\\AppData\\Roaming\\npm\\node_modules\\npm\\bin\\npm-cli.js",
    "NUMBER_OF_PROCESSORS": "4",
    "OneDrive": "C:\\Users\\Administrator\\OneDrive",
    "ORIGINAL_XDG_CURRENT_DESKTOP": "undefined",
    "OS": "Windows_NT",
    "Path": "C:\\Users\\Administrator\\AppData\\Roaming\\npm\\node_modules\\npm\\node_modules\\npm-lifecycle\\node-gyp-bin;D:\\www\\a_java\\java_seller_bz\\node_modules\\.bin;D:\\tmp\\;C:\\Program Files (x86)\\NetSarang\\Xshell 6\\;C:\\Python27\\;C:\\Python27\\Scripts;C:\\Program Files (x86)\\Common Files\\Oracle\\Java\\javapath;C:\\WINDOWS\\system32;C:\\WINDOWS;C:\\WINDOWS\\System32\\Wbem;C:\\WINDOWS\\System32\\WindowsPowerShell\\v1.0\\;C:\\Program Files (x86)\\Git\\bin;C:\\ProgramData\\chocolatey\\bin;D:\\Program Files\\TortoiseSVN\\bin;D:\\Program Files\\Tomcat 7.0\\bin;D:\\Program Files\\Tomcat 7.0\\lib;C:\\WINDOWS\\System32\\OpenSSH\\;D:\\Program Files\\gnuplot\\bin;C:\\Program Files\\Java\\jdk1.8.0_172\\bin;D:\\JavaStorm\\apache-maven-3.6.0-bin\\apache-maven-3.6.0\\bin;D:\\Program Files (x86)\\watchman;C:\\Program Files (x86)\\Microsoft VS Code\\bin;D:\\phpStudy\\node\\;C:\\Program Files\\Git\\cmd;C:\\Users\\Administrator\\AppData\\Local\\Yarn\\bin;D:\\Android Sdk\\platforms;D:\\Android Sdk\\platform-tools;D:\\Android Sdk\\tools;C:\\Users\\Administrator\\AppData\\Local\\Microsoft\\WindowsApps;D:\\Program Files\\Python27;C:\\Users\\Administrator\\AppData\\Local\\BypassRuntm;C:\\Users\\Administrator\\AppData\\Roaming\\npm;C:\\Windows\\system32;;%USERPROFILE%\\AppData\\Local\\Microsoft\\WindowsApps",
    "PATHEXT": ".COM;.EXE;.BAT;.CMD;.VBS;.VBE;.JSE;.WSF;.WSH;.MSC;.CPL",
    "PROCESSOR_ARCHITECTURE": "AMD64",
    "PROCESSOR_IDENTIFIER": "Intel64 Family 6 Model 60 Stepping 3, GenuineIntel",
    "PROCESSOR_LEVEL": "6",
    "PROCESSOR_REVISION": "3c03",
    "ProgramData": "C:\\ProgramData",
    "ProgramFiles": "C:\\Program Files",
    "ProgramFiles(x86)": "C:\\Program Files (x86)",
    "ProgramW6432": "C:\\Program Files",
    "PROMPT": "$P$G",
    "PSModulePath": "D:\\用户目录\\我的文档\\WindowsPowerShell\\Modules;C:\\Program Files\\WindowsPowerShell\\Modules;C:\\WINDOWS\\system32\\WindowsPowerShell\\v1.0\\Modules\\",
    "PUBLIC": "C:\\Users\\Public",
    "SESSIONNAME": "Console",
    "SystemDrive": "C:",
    "SystemRoot": "C:\\WINDOWS",
    "TEMP": "C:\\Users\\ADMINI~1\\AppData\\Local\\Temp",
    "TERM_PROGRAM": "vscode",
    "TERM_PROGRAM_VERSION": "1.51.1",
    "TMP": "C:\\Users\\ADMINI~1\\AppData\\Local\\Temp",
    "TOMCAT_HOME": "D:\\Program Files\\Tomcat 7.0",
    "UMI_DIR": "D:\\www\\a_java\\java_seller_bz\\node_modules\\umi",
    "UMI_UI": "true",
    "UMI_UI_BROWSER": "none",
    "UMI_UI_PORT": "3000",
    "UMI_VERSION": "2.13.17",
    "USERDOMAIN": "USER-20171115TJ",
    "USERDOMAIN_ROAMINGPROFILE": "USER-20171115TJ",
    "USERNAME": "Administrator",
    "USERPROFILE": "C:\\Users\\Administrator",
    "VSCODE_GIT_ASKPASS_MAIN": "c:\\Program Files (x86)\\Microsoft VS Code\\resources\\app\\extensions\\git\\dist\\askpass-main.js",
    "VSCODE_GIT_ASKPASS_NODE": "C:\\Program Files (x86)\\Microsoft VS Code\\Code.exe",
    "VSCODE_GIT_IPC_HANDLE": "\\\\.\\pipe\\vscode-git-0693f005cf-sock",
    "windir": "C:\\WINDOWS",
    "windows_tracing_flags": "3",
    "windows_tracing_logfile": "C:\\BVTBin\\Tests\\installpackage\\csilogfile.log",
    "_DFX_INSTALL_UNSIGNED_DRIVER": "1",
    "_prog": "node"
  },
  "sharedObjects": [
    "D:\\phpStudy\\node\\node.exe",
    "C:\\WINDOWS\\SYSTEM32\\ntdll.dll",
    "C:\\WINDOWS\\System32\\KERNEL32.DLL",
    "C:\\WINDOWS\\System32\\KERNELBASE.dll",
    "C:\\WINDOWS\\System32\\WS2_32.dll",
    "C:\\WINDOWS\\System32\\RPCRT4.dll",
    "C:\\WINDOWS\\System32\\PSAPI.DLL",
    "C:\\WINDOWS\\System32\\ADVAPI32.dll",
    "C:\\WINDOWS\\System32\\msvcrt.dll",
    "C:\\WINDOWS\\System32\\sechost.dll",
    "C:\\WINDOWS\\SYSTEM32\\dbghelp.dll",
    "C:\\WINDOWS\\System32\\USER32.dll",
    "C:\\WINDOWS\\System32\\ucrtbase.dll",
    "C:\\WINDOWS\\System32\\win32u.dll",
    "C:\\WINDOWS\\System32\\GDI32.dll",
    "C:\\WINDOWS\\System32\\gdi32full.dll",
    "C:\\WINDOWS\\System32\\msvcp_win.dll",
    "C:\\WINDOWS\\System32\\CRYPT32.dll",
    "C:\\WINDOWS\\SYSTEM32\\IPHLPAPI.DLL",
    "C:\\WINDOWS\\System32\\MSASN1.dll",
    "C:\\WINDOWS\\System32\\bcrypt.dll",
    "C:\\WINDOWS\\SYSTEM32\\USERENV.dll",
    "C:\\WINDOWS\\System32\\profapi.dll",
    "C:\\WINDOWS\\SYSTEM32\\WINMM.dll",
    "C:\\WINDOWS\\SYSTEM32\\winmmbase.dll",
    "C:\\WINDOWS\\System32\\cfgmgr32.dll",
    "C:\\WINDOWS\\System32\\bcryptPrimitives.dll",
    "C:\\WINDOWS\\System32\\IMM32.DLL",
    "C:\\WINDOWS\\System32\\powrprof.dll",
    "C:\\WINDOWS\\System32\\UMPDC.dll",
    "C:\\WINDOWS\\SYSTEM32\\CRYPTBASE.DLL",
    "C:\\WINDOWS\\system32\\uxtheme.dll",
    "C:\\WINDOWS\\System32\\combase.dll",
    "C:\\WINDOWS\\system32\\mswsock.dll",
    "C:\\WINDOWS\\System32\\kernel.appcore.dll",
    "C:\\WINDOWS\\System32\\NSI.dll",
    "C:\\WINDOWS\\SYSTEM32\\dhcpcsvc6.DLL",
    "C:\\WINDOWS\\SYSTEM32\\dhcpcsvc.DLL",
    "C:\\WINDOWS\\SYSTEM32\\DNSAPI.dll",
    "C:\\WINDOWS\\system32\\napinsp.dll",
    "C:\\WINDOWS\\system32\\pnrpnsp.dll",
    "C:\\WINDOWS\\System32\\winrnr.dll",
    "C:\\WINDOWS\\system32\\NLAapi.dll",
    "C:\\WINDOWS\\system32\\wshbth.dll"
  ]
}