{
	"pages": [
		//#ifdef MP
		{
			"path": "pages/index/index",
			"style": {
				"navigationBarTitleText": "商城首页"
			}
		},
		//#endif
		// #ifdef H5 
		{
			"path": "pages/index/index",
			"style": {
				"navigationBarTitleText": "首页",
				"navigationStyle": "custom"
			}
		},
		//#endif
		// #ifdef APP-PLUS 
		{
			"path": "pages/index/index",
			"style": {
				"navigationBarTitleText": "",
				"navigationStyle": "custom",
				"app-plus": {
					"titleNView": false,
					"bounce": "none"
				}
			}
		},
		//#endif
		{
			"path": "pages/index/topic",
			"style": {
				"navigationBarTitleText": "专题"
			}
		},
		// #ifdef H5
		{
			"path": "pages/index/information",
			"style": {
				
				"navigationBarTitleText": "发现",
				"navigationStyle": "custom"
			}
		},
		// #endif
		// #ifndef H5
		{
			"path": "pages/index/information",
			"style": {
				
				"navigationBarTitleText": "发现"
			}
		},
		// #endif
		{
			"path": "pages/privacyPolicy/privacyPolicy",
			"style": {
				"navigationBarTitleText": "隐私协议"
			}
		},
		{
			"path": "pages/set/set",
			"style": {
				"navigationBarTitleText": "设置"
			}
		},
		{
			"path": "pages/set/aboutUs",
			"style": {
				"navigationBarTitleText": "关于我们"
			}
		},
		{
			"path": "pages/index/skip_to",
			"style": {}
		},
		{
			"path": "pages/userinfo/userinfo",
			"style": {
				"navigationBarTitleText": "修改资料"
			}
		},
		// #ifndef MP
		{
			"path": "pages/cart/cart",
			"style": {
				"navigationBarTitleText": "",
				"navigationStyle": "custom",
				"app-plus": {
					"titleNView": false
				}
			}
		},
		// #endif
		// #ifdef MP
		{
			"path": "pages/cart/cart",
			"style": {
				"navigationBarTitleText": "购物车"
			}
		},
		// #endif
		{
			"path": "pages/public/brand",
			"style": {
				"navigationBarTitleText": "品牌"
			}
		},
		// #ifdef MP
		{
			"path": "pages/public/login",
			"style": {
				"navigationBarTitleText": "登录"
			}
		},
		// #endif
		// #ifndef MP
		{
			"path": "pages/public/login",
			"style": {
				"navigationBarTitleText": "",
				"navigationStyle": "custom",
				"app-plus": {
					"titleNView": false,
					"animationType": "slide-in-bottom"
				}
			}
		},
		// #endif
		// #ifdef MP
		{
			"path": "pages/public/loginMobile",
			"style": {
				"navigationBarTitleText": "登录"
			}
		},
		// #endif
		// #ifndef MP
		{
			"path": "pages/public/loginMobile",
			"style": {
				"navigationBarTitleText": "",
				"navigationStyle": "custom",
				"app-plus": {
					"titleNView": false,
					"animationType": "slide-in-bottom"
				}
			}
		},
		// #endif
		{
			"path": "pages/public/bindMobile",
			"style": {
				"navigationBarTitleText": "",
				"navigationStyle": "custom",
				"app-plus": {
					"titleNView": false,
					"animationType": "slide-in-bottom"
				}
			}
		},
		//#ifndef MP
		{
			"path": "pages/public/register",
			"style": {
				"navigationBarTitleText": "",
				"navigationStyle": "custom",
				"app-plus": {
					"titleNView": false,
					"animationType": "slide-in-bottom"
				}
			}
		},
		//#endif
		{
			"path": "pages/public/register",
			"style": {
				"navigationBarTitleText": ""
			}
		},
		
		//#ifdef H5||APP-PLUS
		{
			"path": "pages/public/forgetPwd",
			"style": {
				"navigationBarTitleText": "",
				"navigationStyle": "custom",
				"app-plus": {
					"titleNView": false,
					"animationType": "slide-in-bottom"
				}
			}
		},
		//#endif
		//#ifdef MP
		{
			"path": "pages/public/forgetPwd",
			"style": {
				"navigationBarTitleText": "找回密码"
			}
		},
		//#endif
		//#ifdef H5||APP-PLUS
		{
			"path": "pages/user/user",
			"style": {
				"navigationBarTitleText": "我的",
				"navigationStyle": "custom",
				"app-plus": {
					"titleNView": false
				}
			}
		},
		//#endif
		//#ifdef MP
		{
			"path": "pages/user/user",
			"style": {
				"navigationBarTitleText": "我的"
			}
		},
		//#endif
		{
			"path": "pages/user/changeInfo",
			"style": {
				"navigationBarTitleText": "修改昵称"
			}
		},
		{
			"path": "pages/member/collect",
			"style": {
				"navigationBarTitleText": "我的收藏",
				"onReachBottomDistance": 150,
				"app-plus": {
					"bounce": "none"
				}
			}
		},
		// #ifndef MP
		{
			"path": "pages/member/history",
			"style": {
				"navigationBarTitleText": "我的足迹",
				"navigationStyle": "custom",
				"onReachBottomDistance": 150
			}
		},
		// #endif
		// #ifdef MP
		{
			"path": "pages/member/history",
			"style": {
				"navigationBarTitleText": "我的足迹"
			}
		},
		// #endif
		{
			"path": "pages/user/info",
			"style": {
				"navigationBarTitleText": "个人信息"
			}
		},
		{
			"path": "pages/account/account",
			"style": {
				"navigationBarTitleText": "账号安全"
			}
		},
		{
			"path": "pages/account/changeMobile",
			"style": {
				"navigationBarTitleText": "身份验证"
			}
		},
		{
			"path": "pages/account/bindEmail",
			"style": {
				"navigationBarTitleText": "绑定电子邮箱"
			}
		},
		{
			"path": "pages/account/changeEmail",
			"style": {
				"navigationBarTitleText": "身份验证"
			}
		},
		{
			"path": "pages/account/managePwd",
			"style": {
				"navigationBarTitleText": "设置登录密码"
			}
		},
		{
			"path": "pages/account/changePwd",
			"style": {
				"navigationBarTitleText": "修改密码"
			}
		},
		{
			"path": "pages/detail/detail",
			"style": {
				"navigationBarTitleText": "",
				"app-plus": {
					"titleNView": {
						"type": "transparent"
					}
				}
			}
		},
		{
			"path": "pages/order/list",
			"style": {
				"enablePullDownRefresh": true,
				"navigationBarTitleText": "我的订单",
				"app-plus": {
					"bounce": "none"
				}
			}
		},
		{
			"path": "pages/order/detail",
			"style": {
				"navigationBarTitleText": "订单详情",
				"app-plus": {
					"titleNView": {
						"type": "transparent" //沉浸式导航
					}
				}
			}
		},
		{
			"path": "pages/order/tradeSuccess",
			"style": {
				"navigationBarTitleText": "交易成功",
				"app-plus": {
					"titleNView": {
						"type": "transparent" //沉浸式导航
					}
				}
			}
		},
		{
			"path": "pages/order/returnAndRefundList",
			"style": {
				"enablePullDownRefresh": true,
				"navigationBarTitleText": "退款/售后",
				"app-plus": {
					"bounce": "none"
				}
			}
		},
		{
			"path": "pages/order/progressDetail",
			"style": {
				"navigationBarTitleText": "进度详情",
				"app-plus": {
					"bounce": "none"
				}
			}
		},
		{
			"path": "pages/order/publishEvaluation",
			"style": {
				"navigationBarTitleText": "发表评价",
				"app-plus": {
					"bounce": "none"
				}
			}
		},
		{
			"path": "pages/money/money",
			"style": {}
		},
		{
			"path": "pages/order/confirmOrder",
			"style": {
				"navigationBarTitleText": "确认订单",
				"app-plus": {
					"softinputMode": "adjustPan"
				}
			}
		},
		{
			"path": "pages/address/list",
			"style": {
				"navigationBarTitleText": "我的地址"
			}
		},
		{
			"path": "pages/address/operate",
			"style": {
				"navigationBarTitleText": "新增收货地址"
			}
		},
		{
			"path": "pages/money/pay",
			"style": {
				"navigationBarTitleText": "支付"
			}
		},
		{
			"path": "pages/money/paySuccess",
			"style": {
				"navigationBarTitleText": "支付成功"
			}
		},
		{
			"path": "pages/notice/noticeCenter",
			"style": {
				"navigationBarTitleText": "消息中心"
			}
		},
		{
			"path": "pages/notice/notice",
			"style": {
				"navigationBarTitleText": "消息通知",
				"enablePullDownRefresh": true
			}
		},
		{
			"path": "pages/notice/receivingSet",
			"style": {
				"navigationBarTitleText": "接收设置"
			}
		},
		{
			"path": "pages/category/category",
			"style": {
				"navigationBarTitleText": "分类",
				"app-plus": {
					"bounce": "none"
				}
			}
		},
		// #ifdef MP
		{
			"path": "pages/search/search",
			"style": {
				"navigationBarTitleText": "搜索"
				// "navigationStyle": "custom",
				// "app-plus": {
				// 	"titleNView": false,
				// 	"animationType": "slide-in-bottom"
				// }
			}
		},
		//#endif
		// #ifndef MP
		{
			"path": "pages/search/search",
			"style": {
				"navigationBarTitleText": "",
				"navigationStyle": "custom",
				"app-plus": {
					"titleNView": false,
					"animationType": "slide-in-bottom"
				}
			}
		},
		//#endif
		{
			"path": "pages/recharge/recharge",
			"style": {
				"navigationBarTitleText": "账户充值",
				//手机软键盘升起不让其将页面头部上推
				"app-plus": {
					"softinputMode": "adjustResize"
				}
			}
		},
		{
			"path": "pages/order/pay",
			"style": {
				"navigationBarTitleText": "收银台"
			}
		},
		{
			"path": "pages/balance/balance",
			"style": {
				"navigationBarTitleText": "我的钱包"
			}
		},
		{
			"path": "pages/balance/list",
			"style": {
				"navigationBarTitleText": "余额明细"
			}
		},
		{
			"path": "pages/recharge/list",
			"style": {
				"navigationBarTitleText": "充值明细"
			}
		},
		{
			"path": "pages/recharge/detail",
			"style": {
				"navigationBarTitleText": "充值详情"
			}
		},
		{
			"path": "pages/recharge/success",
			"style": {
				"navigationBarTitleText": "",
				"navigationStyle": "custom"
			}
		},
		{
			"path": "pages/recharge/fail",
			"style": {
				"navigationBarTitleText": "",
				"navigationStyle": "custom"
			}
		},
		{
			"path": "pages/order/applyRefund",
			"style": {
				"navigationBarTitleText": "申请退款"
			}
		},
		//#ifdef APP-PLUS || H5
		{
			"path": "pages/order/refundDetail",
			"style": {
				"navigationBarTitleText": "退款详情",
				"navigationBarTextStyle":"white",
				"app-plus": {
					"titleNView": {
						"type": "transparent" //沉浸式导航
					}
				}
			}
		},
		//#endif
		//#ifdef MP
		{
			"path": "pages/order/refundDetail",
			"style": {
				"navigationBarTitleText": "退款详情"
			}
		},
		//#endif
		{
			"path": "pages/order/selectService",
			"style": {
				"navigationBarTitleText": "选择服务"
			}
		},
		{
			"path": "pages/order/logisticsBill",
			"style": {
				"navigationBarTitleText": "填写物流单号"
			}
		},
		{
			"path": "pages/order/lookLogistics",
			"style": {
				"navigationBarTitleText": "查看物流"
			}
		},
		{
			"path": "pages/order/logisticsCompany",
			"style": {
				"navigationBarTitleText": "物流公司"
			}
		},
		{
			"path": "pages/order/batchSel",
			"style": {
				"navigationBarTitleText": "售后商品选择"
			}
		},
		{
			"path": "pages/invoice/myInvoice",
			"style": {
				"navigationBarTitleText": "我的发票",
				"app-plus": {
					"softinputMode": "adjustPan"
				}
			}
		},
		//#ifndef MP 
		{
			"path": "pages/user/myIntegral",
			"style": {
				"navigationBarTitleText": "",
				"navigationStyle": "custom"
			}
		},
		//#endif
		//#ifdef MP
		{
			"path": "pages/user/myIntegral",
			"style": {
				"navigationBarTitleText": "我的积分"
			}
		},
		//#endif
		
		{
			"path": "pages/coupon/myCoupon",
			"style": {
				"navigationBarTitleText": "优惠券"
			}
		},
		{
			"path": "pages/coupon/couponCenter",
			"style": {
				"navigationBarTitleText": "领券中心"
			}
		},
		{
			"path": "pages/seckill/seckill",
			"style": {
				"navigationBarTitleText": "",
				"navigationStyle": "custom",
				"app-plus": {
					"bounce": "none"
				}
			}
		},
		{
            "path" : "pages/public/codeLogin",
            "style" :                                                                                    
            {
                "navigationBarTitleText": "扫码登陆",
                "enablePullDownRefresh": false,
				"app-plus": {
					"bounce": "none"
				}
            }
        },
		{
            "path" : "pages/balance/outputList",
            "style" :                                                                                    
            {
                "navigationBarTitleText": "提现记录",
                "enablePullDownRefresh": false
            }
        },
		{
            "path" : "pages/balance/outputInfo",
            "style" :                                                                                    
            {
                "navigationBarTitleText": "提现记录详情",
                "enablePullDownRefresh": false
            }
        },
		{
            "path" : "pages/balance/account",
            "style" :                                                                                    
            {
                "navigationBarTitleText": "提现账号管理",
                "enablePullDownRefresh": false
            }
        },
		{
            "path" : "pages/balance/add",
            "style" :                                                                                    
            {
                "navigationBarTitleText": "",
                "enablePullDownRefresh": false
            }
            
        },
		{
            "path" : "pages/balance/outputDo",
            "style" :                                                                                    
            {
                "navigationBarTitleText": "提现",
                "enablePullDownRefresh": false
            }
        }
		// #ifdef APP-PLUS
		,{
			"path": "pages/public/appUpdate",
			"style": {
				"navigationBarTitleText": "APP更新",
				"navigationStyle": "custom",
				"app-plus": {
					"background": "transparent",
					"webviewBGTransparent": true, //webview的背景是否透明//配合background属性防止跳转闪白
					"popGesture": "none" //禁止侧滑关闭（ios）
				}
			}
		}
		// #endif
    ],
	"globalStyle": {
		"navigationBarTextStyle": "black",
		"navigationBarTitleText": "uni-app",
		"navigationBarBackgroundColor": "#FFFFFF",
		"backgroundColor": "#f8f8f8",
		"backgroundColorBottom": "#fff",
		"backgroundColorTop": "#fff",
		"rpxCalcMaxDeviceWidth": 640, // rpx 计算所支持的最大设备宽度，单位 px，默认值为 960
		"rpxCalcBaseDeviceWidth": 375, // rpx 计算使用的基准设备宽度，设备实际宽度超出 rpx 计算所支持的最大设备宽度时将按基准宽度计算，单位 px，默认值为 375
		"rpxCalcIncludeWidth": 749, // rpx 计算特殊处理的值，始终按实际的设备宽度计算，单位 rpx，默认值为 750
		"scrollIndicator": "none",
		"app-plus": {
			"scrollIndicator": "none" //全局 在APP页面都不显示滚动条
		}
	},
	"tabBar": {
		"color": "#333",
		"selectedColor": "#FC1C1C",
		"borderStyle": "white",
		"backgroundColor": "#ffffff",
		"iconWidth": "27px",
		"spacing": "0px",
		// "midButton": {
		// 	"iconPath": "/static/tab-bar/information.png",
		// 	"iconWidth": "32px",
		// 	"height": "40px"
		// },
		"list": [
			{
				"pagePath": "pages/index/index",
				"iconPath": "static/tab-bar/home.png",
				"selectedIconPath": "static/tab-bar/home-selected.gif",
				"text": "首页"
			},
			{
				"pagePath": "pages/category/category",
				"iconPath": "static/tab-bar/cat.png",
				"selectedIconPath": "static/tab-bar/cat-selected.gif",
				"text": "分类"
			},
			{
				"pagePath": "pages/index/information",
				"iconPath": "static/tab-bar/information.png",
				"selectedIconPath": "static/tab-bar/information-selected.gif"
			
			},
			{
				"pagePath": "pages/cart/cart",
				"iconPath": "static/tab-bar/cart.png",
				"selectedIconPath": "static/tab-bar/cart-selected.gif",
				"text": "购物车"
			},
			{
				"pagePath": "pages/user/user",
				"iconPath": "static/tab-bar/mine.png",
				"selectedIconPath": "static/tab-bar/mine-selected.gif",
				"text": "我的"
			}
		]
	},
	"subPackages": [
		//extra-start
		{
			"root": "extra",
			"pages": [
				//svideo-live-start
				{
					"path": "svideo/myVideo",
					"style": {
						"navigationBarTitleText": "我的视频",
						"app-plus": {
							"bounce": "none"
						},
						"h5": {
							"bounce": "none"
						}
					}
				},
				{
					"path": "svideo/liveAuthorInfo",
					"style": {
						"navigationBarTitleText": "编辑资料"
					}
				},
				{
					"path": "svideo/liveEditAuthorInfo",
					"style": {
						"navigationBarTitleText": "编辑资料"
					}
				}
				//svideo-start
				,
				{
					"path": "svideo/svideoList",
					"style": {
						"navigationBarTitleText": "短视频列表"
					}
				},
				{
					"path": "svideo/svideoSearch",
					"style": {
						"navigationBarTitleText": "短视频搜索"
					}
				},
				{
					"path": "svideo/svideoAuthorList",
					"style": {
						"navigationBarTitleText": "更多用户"
					}
				},
				{
					"path": "svideo/svideoRelease",
					"style": {
						"navigationBarTitleText": "发布短视频"
					}
				},
				//#ifndef MP
				{
					"path": "svideo/svideoSeleGoods",
					"style": {
						"navigationBarTitleText": "商品选择",
						"navigationStyle": "custom",
						"app-plus": {
							"titleNView": false,
							"bounce":"none"
						}
					}
				},
				//#endif
				//#ifdef MP
				{
					"path": "svideo/svideoSeleGoods",
					"style": {
						"navigationBarTitleText": "商品选择",
						"app-plus":{
							"bounce":"none"
						}
					}
				},
				//#endif
				{
					"path": "svideo/svideoPlay",
					"style": {
						"navigationBarTitleText": "",
						"navigationStyle": "custom",
						"app-plus": {
							"subNVues": [
								{
									"id": "vidoePlayAppCon",
									"path": "svideo/subnvue/vidoePlayAppCon",
									"type": "popup",
									"style": {
										"width": "100%",
										"background": "transparent",
										"mask": "rgba(0,0,0,0)"
									}
								}
							],
							"softinputMode":"adjustPan"
						}
					}
				},
				{
					"path": "svideo/svideoComments",
					"style": {
						"navigationBarTitleText": "评论列表"
					}
				},
				{
					"path": "svideo/svideoRecTopic",
					"style": {
						"navigationBarTitleText": ""
					}
				},
				{
					"path": "svideo/liveAttention",
					"style": {
						"navigationBarTitleText": "关注/粉丝"
					}
				},
				{
					"path": "svideo/liveReleaseLive",
					"style": {
						"navigationStyle": "custom"
					}
				}
				//svideo-end
				
				,
				//svideo-live-end
				
				
				//graphic-start
				{
					"path": "graphic/graphicRelease",
					"style": {
						"navigationBarTitleText": "图文发布",
						"navigationStyle":"custom"
					}
				},
				{
					"path": "graphic/graphicDetail",
					"style": {
						"navigationBarTitleText": "图文详情"
					}
				}
			]
		},
		//extra-end
		{
			"root": "standard",
			"pages": [ // #ifndef APP-PLUS
				{
					"path": "point/index/index",
					"style": {
						"navigationBarTitleText": "",
						"app-plus":{
							"bounce":"none"
						}
					}
				},
				//#endif
				// #ifdef APP-PLUS 
				{
					"path": "point/index/index",
					"style": {
						"navigationBarTitleText": "",
						"navigationStyle": "custom",
						"app-plus": {
							"titleNView": false
						}
					}
				},
				//#endif
				// #ifdef APP-PLUS || H5
				{
					"path": "point/product/detail",
					"style": {
						"navigationBarTitleText": "详情展示",
						"navigationStyle": "custom",
						"app-plus": {
							"titleNView": false
						}
					}
				},
				// #endif
				// #ifdef MP
				{
					"path": "point/product/detail",
					"style": {
						"navigationBarTitleText": "详情展示"
					}
				},
				// #endif
				//#ifndef MP
				{
					"path": "point/search/search",
					"style": {
						"navigationBarTitleText": "商品搜索",
						"navigationStyle": "custom"
					}
				},
				//#endif
				//#ifdef MP
				{
					"path": "point/search/search",
					"style": {
						"navigationBarTitleText": "商品搜索"
					}
				},
				//#endif
				{
					"path": "point/order/list",
					"style": {
						"navigationBarTitleText": "我的积分订单"
					}
				},
				{
					"path": "point/order/detail",
					"style": {
						"navigationBarTitleText": "订单详情",
						"app-plus": {
							"titleNView": {
								"type": "transparent" //沉浸式导航
							}
						}
					}
				},
				{
					"path": "point/order/lookLogistics",
					"style": {
						"navigationBarTitleText": "查看物流"
					}
				},
				//#ifndef MP
				{
					"path": "point/search/good_list",
					"style": {
						"navigationBarTitleText": "",
						"navigationStyle": "custom",
						"app-plus": {
							"titleNView": false
						}
					}
				},
				//#endif
				//#ifdef MP
				{
					"path": "point/search/good_list",
					"style": {
						"navigationBarTitleText": ""
					}
				},
				//#endif
				{
					"path": "point/product/confirm_order",
					"style": {
						"navigationBarTitleText": "确认订单"
					}
				},
				{
					"path": "point/product/pay",
					"style": {
						"navigationBarTitleText": "收银台"
					}
				},
				{
					"path": "presale/index/list",
					"style": {
						"navigationBarTitleText": "",
						"app-plus": {
							"titleNView": false
						}
					}
				},
				// #ifndef APP-PLUS
				{
					"path": "ladder/index/index",
					"style": {
						"navigationBarTitleText": ""
					}
				},
				// #endif
				// #ifdef APP-PLUS
				{
					"path": "ladder/index/index",
					"style": {
						"navigationBarTitleText": "",
						"navigationStyle": "custom",
						"app-plus": {
							"titleNView": false
						}
					}
				},
				//#endif
				{
					"path": "ladder/agreement/agreement",
					"style": {
						"navigationBarTitleText": "阶梯团定金协议"
					}
				},
				// #ifndef APP-PLUS
				{
					"path": "pinGroup/index/index",
					"style": {
						"navigationBarTitleText": "",
						"app-plus": {
							"bounce": "none"
						}
					}
				},
				// #endif
				// #ifdef APP-PLUS
				{
					"path": "pinGroup/index/index",
					"style": {
						"navigationBarTitleText": "",
						"navigationStyle": "custom",
						"app-plus": {
							"titleNView": false
						}
					}
				},
				//#endif
				{
					"path": "presale/agreement/agreement",
					"style": {
						"navigationBarTitleText": "预售定金协议"
					}
				},
				//#ifdef H5||APP-PLUS
				{
					"path": "store/shopHomePage",
					"style": {
						"navigationBarTitleText": "",
						"navigationStyle": "custom",
						"app-plus": {
							"titleNView": false
						}
					}
				},
				//#endif
				//#ifdef MP
				{
					"path": "store/shopHomePage",
					"style": {
						"navigationBarTitleText": "店铺首页"
					}
				},
				//#endif
				{
					"path": "store/attentionStore",
					"style": {
						"navigationBarTitleText": "关注店铺",
						"app-plus": {
							"scrollIndicator": "none"
						}
					}
				},
				//#ifdef H5||APP-PLUS
				{
					"path": "store/productSearch",
					"style": {
						"navigationBarTitleText": "商品搜索",
						"navigationStyle": "custom",
						"app-plus": {
							"titleNView": false
						}
					}
				},
				// #endif
				// #ifdef MP
				{
					"path": "store/productSearch",
					"style": {
						"navigationBarTitleText": "商品搜索"
					}
				},
				// #endif
				{
					"path": "store/storeIntroduction",
					"style": {
						"navigationBarTitleText": "店铺信息"
					}
				},
				{
					"path": "chat/list",
					"style": {
						"navigationBarTitleText": "消息中心",
						"onReachBottomDistance": 50
					}
				},
				// #ifndef MP
				{
					"path": "chat/detail",
					"style": {
						"navigationBarTitleText": "聊天详情",
						"app-plus": {
							"bounce": "none",
							"softinputMode": "adjustResize",
							"titleNView": {
								"buttons": [
									{
										"text": "店铺",
										"fontSize": "15",
										"float": "right"
									}
								]
							}
						}
					}
				},
				// #endif
				// #ifdef MP
				{
					"path": "chat/detail",
					"style": {
						"navigationBarTitleText": "聊天详情"
					}
				},
				// #endif
				// #ifdef APP-PLUS || H5
				{
					"path": "product/detail",
					"style": {
						"navigationBarTitleText": "详情展示",
						"navigationStyle": "custom",
						"app-plus": {
							"titleNView": false
						}
					}
				},
				// #endif
				// #ifdef MP
				{
					"path": "product/detail",
					"style": {
						"navigationBarTitleText": "详情展示"
					}
				},
				// #endif
				{
					"path": "product/video",
					"style": {
						"navigationBarTitleText": "视频播放"
					}
				},
				{
					"path": "product/list",
					"style": {
						// #ifdef H5 || APP-PLUS
						"navigationStyle": "custom",
						"app-plus": {
							"titleNView": false,
							"scrollIndicator": "none"
						},
						// #endif
						"enablePullDownRefresh": true,
						"navigationBarTitleText": "商品列表"
					}
				},
				{
					"path": "product/evaluation",
					"style": {
						"navigationBarTitleText": "商品评价"
					}
				},
				//#ifndef MP
				{
					"path": "rank/detail",
					"style": {
						"navigationBarTitleText": "榜单详情",
						"navigationStyle": "custom",
						"navigationBarTextStyle":"white",
						"app-plus": {
							"titleNView": false
						}
					}
				},
				//#endif
				//#ifdef MP
				{
					"path": "rank/detail",
					"style": {
						"navigationBarTitleText": "榜单详情"
					}
				},
				//#endif
				//#ifndef MP
				{
					"path": "rank/aggr",
					"style": {
						"navigationBarTitleText": "排行榜",
						"navigationStyle": "custom",
						"navigationBarTextStyle":"white",
						"app-plus": {
							"titleNView": false
						}
					}
				},
				//#endif
				//#ifdef MP
				{
					"path": "rank/aggr",
					"style": {
						"navigationBarTitleText": "排行榜"
					}
				},
				//#endif
				//#ifndef MP
				{
					"path": "lottery/detail",
					"style": {
						"navigationBarTitleText": "抽奖",
						"navigationStyle": "custom",
						"navigationBarTextStyle":"white",
						"app-plus": {
							"titleNView": false,
							"bounce":"none"
						}
					}
				},
				//#endif
				//#ifdef MP
				{
					"path": "lottery/detail",
					"style": {
						"navigationBarTitleText": "抽奖"
					}
				},
				//#endif
				
				{
					"path": "lottery/lotRec",
					"style": {
						"navigationBarTitleText": "我的中奖记录"
					}
				},
				{
					"path": "signIn/signIn",
					"style": {
						"navigationBarTitleText": "",
						"navigationStyle": "custom",
						"app-plus": {
							"titleNView": false
						}
					}
				}
				
			]
		}
	]
}